<?xml version="1.0" encoding="UTF-8"?>
    <addon id="repository.mutebessim" name="Mutebessim - Depo" version="1.0.0" provider-name="kralex">
        <requires>
            <import addon="xbmc.addon" version="12.0.0"/>
			
        </requires>
        <extension point="xbmc.addon.repository" name="mutebessim eklentiler">
            <info compressed="false">https://github.com/mutebessim/kodi/raw/master/addons/addons.xml</info>
            <checksum>https://github.com/mutebessim/kodi/raw/master/addons/addon.xml.md5</checksum>
            <datadir zip="true">https://github.com/mutebessim/kodi/raw/master/addons/</datadir>
            <hashes>false</hashes>
        </extension>
        <extension point="xbmc.addon.metadata">
            <summary>Kodi Depom</summary>
            <description>Kodi için hazırladığımız eklentilerin dosyalarına erişebileceğiniz depomuz.</description>
            <platform>all</platform>
    </extension>
</addon>