﻿<?xml version="1.0" encoding="UTF-8" standalone="yes"?>
<addon id="script.kralex.namaz" name="Namaz Vakitleri" version="1.0.0" provider-name="kralex">
    <requires>
        <import addon="xbmc.python" version="2.1.0" />
        <import version="2.12.4" addon="script.module.requests"/>
    </requires>
    <extension point="xbmc.python.pluginsource" provides="video" library="eklenti.py">
        <provides>executable</provides>
    </extension>
    <extension point="xbmc.addon.metadata">
        <summary></summary>
        <description></description>
        <platform>all</platform>
        <assets>
            <icon>icon.png</icon>
            <fanart>fanart.jpg</fanart>
        </assets>
    </extension>
</addon>