﻿<?xml version="1.0" encoding="UTF-8" standalone="yes"?>
<addon id="plugin.video.trt" name="TRT İzle" version="1.3.1" provider-name="kralex">
    <requires>
        <import addon="xbmc.python" version="2.1.0" />
        <import addon="repository.mutebessim" version="1.0.1" />
        <import addon="plugin.program.autocompletion" version="1.0.1" />
		<import version="2.12.4" addon="script.module.requests"/>
    </requires>
    <extension point="xbmc.python.pluginsource" provides="video" library="eklenti.py">
        <provides>video</provides>
    </extension>
    <extension point="xbmc.addon.metadata">
        <summary>trtizle.com'dan videolar</summary>
        <description>trtizle.com'dan diziler ve programlar</description>
        <platform>all</platform>
        <assets>
            <icon>icon.png</icon>
            <fanart>fanart.jpg</fanart>
        </assets>
    </extension>
</addon>