﻿<?xml version="1.0" encoding="UTF-8" standalone="yes"?>
<addon id="plugin.video.trtarsiv"
       name="TRT Arşiv"
       version="1.0.0"
       provider-name="kralex">
  <requires>
    <import addon="xbmc.python" version="2.1.0"/>
	<import addon="script.module.urlresolver" version="2.4.0"/>
  </requires>
  <extension point="xbmc.python.pluginsource" provides="video" library="trtarsiv.py">
        <provides>video</provides>
  </extension>
  <extension point="xbmc.addon.metadata">
    <summary>trtarsiv.com'dan TRT Arşivi</summary>
    <description></description>
	
    <platform>all</platform>
  </extension>
</addon>