﻿<?xml version="1.0" encoding="UTF-8" standalone="yes"?>
<addon id="plugin.video.nurpenceresi"
       name="Nur Penceresi"
       version="1.3.0"
       provider-name="omergorur">
  <requires>
    <import addon="xbmc.python" version="2.1.0"/>
	<import addon="script.module.urlresolver" version="2.4.0"/>
  </requires>
  <extension point="xbmc.python.pluginsource" provides="video" library="addon.py">
        <provides>video</provides>
  </extension>
  <extension point="xbmc.addon.metadata">
    <summary>Nur Penceresi</summary>
    <description>http://www.nurpenceresi.com/ sitesinden

Risale-i Nur Sohbetleri</description>
	
    <platform>all</platform>
  </extension>
</addon>