﻿<?xml version="1.0" encoding="UTF-8" standalone="yes"?>
<addon id="plugin.video.trt" name="TRT TV" version="1.0.0" provider-name="kralex">
    <requires>
        <import addon="xbmc.python" version="2.1.0" />
        <import addon="repository.mutebessim" version="1.0.1" />
        <import addon="plugin.program.autocompletion" version="1.0.1" />
        <import addon="script.module.requests" version="2.12.4"/>
		
    </requires>
    <extension point="xbmc.python.pluginsource" provides="video" library="eklenti.py">
        <provides>video</provides>
    </extension>
    <extension point="xbmc.addon.metadata">
        <summary>TRT ekranındaki her şey, trt.tv’de</summary>
        <description>trt. tv adresinde yer alan tüm diziler, belgeseller, çizgi filmler, programlar, canlı yayınlar ve daha fazlası HD kalitesiyle Kodi'ye geliyor.</description>
        <platform>all</platform>
        <assets>
            <icon>icon.png</icon>
            <fanart>fanart.jpg</fanart>
            <screenshot>resources/screenshots/screenshot-01.jpg</screenshot>
            <screenshot>resources/screenshots/screenshot-02.jpg</screenshot>
            <screenshot>resources/screenshots/screenshot-03.jpg</screenshot>
			<screenshot>resources/screenshots/screenshot-04.jpg</screenshot>
        </assets>
    </extension>
</addon>