<?xml version="1.0" encoding="UTF-8"?>
    <addon id="repository.mutebessim-arm" name="Mutebessim - arm Services - Depo" version="1.0.0" provider-name="kralex">
        <extension point="xbmc.addon.repository" name="mutebessim eklentiler">
            <info compressed="false">https://raw.githubusercontent.com/mutebessim/service-arm/master/addons/addons.xml</info>
            <checksum>https://raw.githubusercontent.com/mutebessim/service-arm/master/addons/addon.xml.md5</checksum>
            <datadir zip="true">https://raw.githubusercontent.com/mutebessim/service-arm/master/addons/</datadir>
            <hashes>false</hashes>
        </extension>
        <extension point="xbmc.addon.metadata">
            <summary>Kodi Depom</summary>
            <description>Kodi için hazırladığımız arm mimarisi için hizmet eklentilerin dosyalarına erişebileceğiniz depomuz.</description>
            <platform>all</platform>
    </extension>
</addon>